Название источника света,Цена,Ссылка
"Подвесной светильник Сансет Black
4190руб.
5990руб.
-30%
Экстраскидка","4190руб.
5990руб.
-30%",https://www.divan.ru/product/podvesnoj-svetilnik-sanset-black
"Торшер Билли Black
12 990руб.
23 390руб.
-44%
Экстраскидка","12 990руб.
23 390руб.
-44%",https://www.divan.ru/product/torsher-billi-black
"Подвесной светильник Бабл-9
16 490руб.
25 990руб.
-36%
Экстраскидка","16 490руб.
25 990руб.
-36%",https://www.divan.ru/product/podvesnoj-svetilnik-babl-9
"Торшер Бабл-1
6190руб.
10 390руб.
-40%
Экстраскидка","6190руб.
10 390руб.
-40%",https://www.divan.ru/product/torsher-babl-1
"Подвесной светильник Бабл-3
6190руб.
8990руб.
-31%
Экстраскидка","6190руб.
8990руб.
-31%",https://www.divan.ru/product/podvesnoj-svetilnik-babl-3
"Бра Бабл Black
1990руб.
3890руб.
-48%
Экстраскидка","1990руб.
3890руб.
-48%",https://www.divan.ru/product/bra-babl-black
"Настольная лампа Дэнди Black
3990руб.
6990руб.
-42%
Экстраскидка","3990руб.
6990руб.
-42%",https://www.divan.ru/product/nastolnaya-lampa-dendi-black
"Настольная лампа Дэнди White
3990руб.
6990руб.
-42%
Экстраскидка","3990руб.
6990руб.
-42%",https://www.divan.ru/product/nastolnaya-lampa-dendi-white
"Торшер Варио White
3999руб.
8190руб.
-51%
Экстраскидка","3999руб.
8190руб.
-51%",https://www.divan.ru/product/torsher-vario-white
"Бра Варио Black
990руб.
1690руб.
-41%
Экстраскидка","990руб.
1690руб.
-41%",https://www.divan.ru/product/bra-vario-black
"Бра Варио White
990руб.
1890руб.
-47%
Экстраскидка","990руб.
1890руб.
-47%",https://www.divan.ru/product/bra-vario-white
"Подвесной светильник Сансет White
4190руб.
5990руб.
-30%
Экстраскидка","4190руб.
5990руб.
-30%",https://www.divan.ru/product/podvesnoj-svetilnik-sanset-white
"Подвесной светильник Кэндел Black
2690руб.
3590руб.
-25%
Экстраскидка","2690руб.
3590руб.
-25%",https://www.divan.ru/product/podvesnoj-svetilnik-kendel-black
"Подвесной светильник Кэндел White
2690руб.
3590руб.
-25%
Экстраскидка","2690руб.
3590руб.
-25%",https://www.divan.ru/product/podvesnoj-svetilnik-kendel-white
"Торшер Вена Beige
9990руб.
11 990руб.
-16%","9990руб.
11 990руб.
-16%",https://www.divan.ru/product/torsher-vena-beige
"Настольная лампа Сфера Orange
4990руб.
5990руб.
-16%","4990руб.
5990руб.
-16%",https://www.divan.ru/product/nastolnaya-lampa-sfera-orange
"Подвесной светильник Кая Black
2590руб.
3590руб.
-27%","2590руб.
3590руб.
-27%",https://www.divan.ru/product/podvesnoj-svetilnik-kaya-black
"Торшер Вена Black
9990руб.
11 990руб.
-16%","9990руб.
11 990руб.
-16%",https://www.divan.ru/product/torsher-vena-black
"Настольная лампа Гровер Glass
3990руб.
6990руб.
-42%
Экстраскидка","3990руб.
6990руб.
-42%",https://www.divan.ru/product/nastolnaya-lampa-grover-glass
"Настольная лампа Спайк Green
990руб.",990руб.,https://www.divan.ru/product/nastolnaya-lampa-spajk-green
"Настольная лампа Клауд White
11 590руб.
13 990руб.
-17%","11 590руб.
13 990руб.
-17%",https://www.divan.ru/product/nastolnaya-lampa-klaud-white
"Настольная лампа Рэй Black
2990руб.
3990руб.
-25%","2990руб.
3990руб.
-25%",https://www.divan.ru/product/nastolnaya-lampa-rej-black
"Подвесной светильник Портланд Black
2590руб.
4190руб.
-38%
Экстраскидка","2590руб.
4190руб.
-38%",https://www.divan.ru/product/podvesnoj-svetilnik-portland-black
"Торшер Рэй White
3590руб.
5990руб.
-40%
Экстраскидка","3590руб.
5990руб.
-40%",https://www.divan.ru/product/torsher-rej-white
"Торшер Мун Black
5990руб.
9990руб.
-40%
Экстраскидка","5990руб.
9990руб.
-40%",https://www.divan.ru/product/torsher-mun-black
"Торшер Варио Black
4990руб.
8190руб.
-39%
Экстраскидка","4990руб.
8190руб.
-39%",https://www.divan.ru/product/torsher-vario-black
"Настольная лампа Раффи Round
5990руб.
7590руб.
-21%","5990руб.
7590руб.
-21%",https://www.divan.ru/product/nastolnaya-lampa-raffi-round
"Торшер Гросс White
5990руб.
8590руб.
-30%
Экстраскидка","5990руб.
8590руб.
-30%",https://www.divan.ru/product/torsher-gross-white
"Бра Moderli Alina
3390руб.",3390руб.,https://www.divan.ru/product/bra-moderli-alina
"Подвесной светильник Маро Green
11 690руб.",11 690руб.,https://www.divan.ru/product/podvesnoj-svetilnik-maro-green
"Настольная лампа Машрум Grey
3990руб.",3990руб.,https://www.divan.ru/product/nastolnaya-lampa-mashrum-grey
"Настольная лампа Рэй White
2590руб.
3990руб.
-35%
Экстраскидка
до 21 августа","2590руб.
3990руб.
-35%",https://www.divan.ru/product/nastolnaya-lampa-rej-white
"Светильник потолочный Matthew
4990руб.",4990руб.,https://www.divan.ru/product/svetilnik-potolochnyj-matthew
"Настольная лампа Junior-4
2990руб.",2990руб.,https://www.divan.ru/product/nastolnaya-lampa-junior-4
"Спот Лайт-1 Black
2390руб.",2390руб.,https://www.divan.ru/product/spot-lajt-1-black
"Настольная лампа Junior-3
3870руб.",3870руб.,https://www.divan.ru/product/nastolnaya-lampa-junior-3
"Настольная лампа Спайк Orange
990руб.
1290руб.
-23%","990руб.
1290руб.
-23%",https://www.divan.ru/product/nastolnaya-lampa-spajk-orange
"Настольная лампа Junior-1
3990руб.",3990руб.,https://www.divan.ru/product/nastolnaya-lampa-junior-1
"Подвесной светильник Milligan
5490руб.
6590руб.
-16%","5490руб.
6590руб.
-16%",https://www.divan.ru/product/podvesnoj-svetilnik-milligan
"Настольная лампа Сфера Black
3990руб.
5990руб.
-33%
Экстраскидка
до 21 августа","3990руб.
5990руб.
-33%",https://www.divan.ru/product/nastolnaya-lampa-sfera-black
"Подвесной светильник Townshend-4
10 990руб.
22 690руб.
-51%","10 990руб.
22 690руб.
-51%",https://www.divan.ru/product/podvesnoj-svetilnik-townshend-4
"Люстра Монти-3 White
9990руб.",9990руб.,https://www.divan.ru/product/lyustra-monti-3-white
"Настольная лампа Junior-2
2890руб.",2890руб.,https://www.divan.ru/product/nastolnaya-lampa-junior-2
"Торшер Duetto
6990руб.",6990руб.,https://www.divan.ru/product/torsher-duetto
"Настольная лампа Sphere
6530руб.",6530руб.,https://www.divan.ru/product/nastolnaya-lampa-sphere
"Подвесной светильник Layham
19 790руб.
30 690руб.
-35%","19 790руб.
30 690руб.
-35%",https://www.divan.ru/product/podvesnoj-svetilnik-layham
"Бра Galdakao-1
6590руб.
9890руб.
-33%","6590руб.
9890руб.
-33%",https://www.divan.ru/product/bra-galdakao
"Настольная лампа Гросс White
3590руб.
4990руб.
-28%","3590руб.
4990руб.
-28%",https://www.divan.ru/product/nastolnaya-lampa-gross-white
